"","dDocent_Contig_100300:193","dDocent_Contig_10349:48","dDocent_Contig_104703:227","dDocent_Contig_105933:108","dDocent_Contig_105933:130","dDocent_Contig_110895:131","dDocent_Contig_114929:85","dDocent_Contig_115555:308","dDocent_Contig_116093:260","dDocent_Contig_119176:104","dDocent_Contig_119537:95","dDocent_Contig_11985:73","dDocent_Contig_120185:242","dDocent_Contig_123119:128","dDocent_Contig_124014:155","dDocent_Contig_124538:232","dDocent_Contig_12500:51","dDocent_Contig_126186:187","dDocent_Contig_131127:179","dDocent_Contig_13824:286","dDocent_Contig_139289:255","dDocent_Contig_143020:35","dDocent_Contig_146578:94","dDocent_Contig_148114:206","dDocent_Contig_14898:263","dDocent_Contig_149966:144","dDocent_Contig_15043:229","dDocent_Contig_150999:355","dDocent_Contig_151140:193","dDocent_Contig_15240:208","dDocent_Contig_153097:83","dDocent_Contig_174270:78","dDocent_Contig_174270:105","dDocent_Contig_177922:112","dDocent_Contig_178182:219","dDocent_Contig_181675:51","dDocent_Contig_190334:23","dDocent_Contig_19699:87","dDocent_Contig_19699:267","dDocent_Contig_19731:110","dDocent_Contig_200978:168","dDocent_Contig_203407:256","dDocent_Contig_203457:137","dDocent_Contig_206191:153","dDocent_Contig_206191:155","dDocent_Contig_208513:41","dDocent_Contig_209419:93","dDocent_Contig_209420:181","dDocent_Contig_211087:174","dDocent_Contig_211948:51","dDocent_Contig_213191:72","dDocent_Contig_214436:48","dDocent_Contig_215814:89","dDocent_Contig_215814:102","dDocent_Contig_216212:218","dDocent_Contig_216454:460","dDocent_Contig_21922:109","dDocent_Contig_220350:118","dDocent_Contig_223524:84","dDocent_Contig_227625:84","dDocent_Contig_231448:68","dDocent_Contig_232687:68","dDocent_Contig_233759:90","dDocent_Contig_234156:57","dDocent_Contig_235533:89","dDocent_Contig_235702:291","dDocent_Contig_236266:276","dDocent_Contig_239043:129","dDocent_Contig_243299:143","dDocent_Contig_24472:271","dDocent_Contig_245711:237","dDocent_Contig_246272:181","dDocent_Contig_2482:102","dDocent_Contig_2482:285","dDocent_Contig_258244:120","dDocent_Contig_258244:173","dDocent_Contig_258244:226","dDocent_Contig_258244:229","dDocent_Contig_258244:239","dDocent_Contig_258244:249","dDocent_Contig_258255:301","dDocent_Contig_260132:119","dDocent_Contig_260919:132","dDocent_Contig_2610:103","dDocent_Contig_26203:261","dDocent_Contig_262336:92","dDocent_Contig_262601:224","dDocent_Contig_262743:184","dDocent_Contig_262824:69","dDocent_Contig_268353:68","dDocent_Contig_26852:115","dDocent_Contig_26852:122","dDocent_Contig_268778:113","dDocent_Contig_271766:236","dDocent_Contig_27200:81","dDocent_Contig_273013:131","dDocent_Contig_279930:201","dDocent_Contig_282420:169","dDocent_Contig_282420:181","dDocent_Contig_282421:134","dDocent_Contig_29655:117","dDocent_Contig_298400:97","dDocent_Contig_304819:213","dDocent_Contig_305596:160","dDocent_Contig_305763:163","dDocent_Contig_30690:65","dDocent_Contig_307576:124","dDocent_Contig_310994:49","dDocent_Contig_312614:98","dDocent_Contig_313561:171","dDocent_Contig_318195:58","dDocent_Contig_320123:338","dDocent_Contig_321615:280","dDocent_Contig_32916:34","dDocent_Contig_330882:16","dDocent_Contig_332422:136","dDocent_Contig_33762:140","dDocent_Contig_3418:182","dDocent_Contig_343576:202","dDocent_Contig_344729:56","dDocent_Contig_34940:60","dDocent_Contig_34940:231","dDocent_Contig_349783:175","dDocent_Contig_35036:75","dDocent_Contig_35036:91","dDocent_Contig_351453:99","dDocent_Contig_3538:107","dDocent_Contig_355082:177","dDocent_Contig_35920:100","dDocent_Contig_359423:16","dDocent_Contig_36122:23","dDocent_Contig_361569:261","dDocent_Contig_36411:127","dDocent_Contig_36971:78","dDocent_Contig_369714:253","dDocent_Contig_37117:50","dDocent_Contig_372191:182","dDocent_Contig_374054:274","dDocent_Contig_374240:95","dDocent_Contig_374929:270","dDocent_Contig_374982:81","dDocent_Contig_375280:255","dDocent_Contig_380049:153","dDocent_Contig_380463:72","dDocent_Contig_383150:185","dDocent_Contig_384779:267","dDocent_Contig_384948:31","dDocent_Contig_387284:112","dDocent_Contig_388599:8","dDocent_Contig_389301:19","dDocent_Contig_38967:138","dDocent_Contig_390816:211","dDocent_Contig_39281:239","dDocent_Contig_394667:207","dDocent_Contig_395136:104","dDocent_Contig_3979:195","dDocent_Contig_3981:253","dDocent_Contig_398732:69","dDocent_Contig_398732:94","dDocent_Contig_399000:95","dDocent_Contig_40100:61","dDocent_Contig_40100:136","dDocent_Contig_403760:149","dDocent_Contig_405765:322","dDocent_Contig_407526:287","dDocent_Contig_413808:238","dDocent_Contig_41381:215","dDocent_Contig_41417:132","dDocent_Contig_417476:51","dDocent_Contig_419840:246","dDocent_Contig_42145:118","dDocent_Contig_42145:187","dDocent_Contig_424192:75","dDocent_Contig_429886:204","dDocent_Contig_431836:110","dDocent_Contig_432924:66","dDocent_Contig_433720:43","dDocent_Contig_434286:82","dDocent_Contig_435615:103","dDocent_Contig_43707:181","dDocent_Contig_438506:363","dDocent_Contig_441606:91","dDocent_Contig_443891:48","dDocent_Contig_449547:27","dDocent_Contig_449553:207","dDocent_Contig_449717:80","dDocent_Contig_449717:105","dDocent_Contig_449717:108","dDocent_Contig_456181:73","dDocent_Contig_456181:80","dDocent_Contig_461324:269","dDocent_Contig_464099:21","dDocent_Contig_465295:118","dDocent_Contig_467588:18","dDocent_Contig_468112:46","dDocent_Contig_468970:82","dDocent_Contig_475234:22","dDocent_Contig_475527:23","dDocent_Contig_476000:150","dDocent_Contig_477497:55","dDocent_Contig_478056:13","dDocent_Contig_47918:64","dDocent_Contig_47918:91","dDocent_Contig_480182:46","dDocent_Contig_481006:12","dDocent_Contig_481354:180","dDocent_Contig_48172:132","dDocent_Contig_482027:72","dDocent_Contig_482445:10","dDocent_Contig_483013:18","dDocent_Contig_483448:167","dDocent_Contig_48628:122","dDocent_Contig_489131:81","dDocent_Contig_49214:28","dDocent_Contig_492244:51","dDocent_Contig_49421:106","dDocent_Contig_494394:175","dDocent_Contig_494585:247","dDocent_Contig_49597:216","dDocent_Contig_497250:21","dDocent_Contig_497250:104","dDocent_Contig_505597:70","dDocent_Contig_50652:256","dDocent_Contig_508517:124","dDocent_Contig_517122:217","dDocent_Contig_519689:199","dDocent_Contig_521404:27","dDocent_Contig_521404:67","dDocent_Contig_523099:67","dDocent_Contig_523686:271","dDocent_Contig_525103:67","dDocent_Contig_532619:174","dDocent_Contig_532854:253","dDocent_Contig_534583:69","dDocent_Contig_535043:79","dDocent_Contig_536430:107","dDocent_Contig_537234:17","dDocent_Contig_537265:109","dDocent_Contig_537332:223","dDocent_Contig_537924:265","dDocent_Contig_540839:203","dDocent_Contig_54122:283","dDocent_Contig_541337:37","dDocent_Contig_5423:456","dDocent_Contig_54610:69","dDocent_Contig_546488:79","dDocent_Contig_548437:109","dDocent_Contig_548894:85","dDocent_Contig_548907:22","dDocent_Contig_553901:174","dDocent_Contig_558105:72","dDocent_Contig_56224:61","dDocent_Contig_564622:268","dDocent_Contig_564962:289","dDocent_Contig_56936:55","dDocent_Contig_569889:53","dDocent_Contig_569889:96","dDocent_Contig_574281:40","dDocent_Contig_575214:31","dDocent_Contig_576171:216","dDocent_Contig_576363:223","dDocent_Contig_577398:100","dDocent_Contig_580574:222","dDocent_Contig_581144:222","dDocent_Contig_582641:215","dDocent_Contig_582641:249","dDocent_Contig_584398:250","dDocent_Contig_587379:140","dDocent_Contig_58817:80","dDocent_Contig_58864:245","dDocent_Contig_593044:59","dDocent_Contig_594972:81","dDocent_Contig_596667:28","dDocent_Contig_601483:195","dDocent_Contig_601483:242","dDocent_Contig_60182:230","dDocent_Contig_602316:187","dDocent_Contig_63313:14","dDocent_Contig_63699:240","dDocent_Contig_64603:83","dDocent_Contig_65986:113","dDocent_Contig_66298:126","dDocent_Contig_66340:143","dDocent_Contig_66509:70","dDocent_Contig_66948:38","dDocent_Contig_67749:172","dDocent_Contig_69297:142","dDocent_Contig_70370:59","dDocent_Contig_73145:72","dDocent_Contig_73145:80","dDocent_Contig_74121:194","dDocent_Contig_74277:102","dDocent_Contig_74588:317","dDocent_Contig_77031:219","dDocent_Contig_79243:130","dDocent_Contig_81799:112","dDocent_Contig_84467:180","dDocent_Contig_85728:122","dDocent_Contig_874:122","dDocent_Contig_88469:106","dDocent_Contig_90644:116","dDocent_Contig_90644:143","dDocent_Contig_91329:340","dDocent_Contig_94172:203","dDocent_Contig_95063:212","dDocent_Contig_95145:143","dDocent_Contig_98170:128","Age"
"RG_01_T_per",1,1,0,1,1,0.993788819875776,0.581460674157303,0.991869918699187,1,1,1,1,1,1,1,0.941176470588235,0.00381194409148666,0.84375,0.957627118644068,1,1,0.025,1,1,0.595588235294118,0.96551724137931,1,1,0.935483870967742,0.98804780876494,1,0.633802816901408,0.647058823529412,1,0.938202247191011,1,1,0.651162790697674,0.813953488372093,1,0.0394736842105263,1,1,1,1,1,0,1,0.964912280701754,1,1,1,1,1,0.0526315789473684,0.946666666666667,1,1,0.972222222222222,1,0.994094488188976,0.952830188679245,0.996753246753247,1,1,0.987654320987654,0.736196319018405,1,1,1,0.993464052287582,0.998542274052478,0.981927710843373,0.980645161290323,0.888888888888889,0.803418803418803,1,1,1,1,1,1,1,0.712727272727273,1,0.982758620689655,0.994318181818182,1,1,1,1,1,1,1,1,1,1,1,1,1,1,0.633377135348226,1,1,1,1,1,1,0.990846681922197,1,1,1,0.105263157894737,1,1,0.55,1,1,1,1,1,1,1,0.998648648648649,0.729946524064171,1,0.981818181818182,1,0.538461538461538,0,0.990033222591362,0,1,0,1,0.0588235294117647,1,1,0,0.681159420289855,1,1,1,0.984924623115578,0.996987951807229,1,1,1,1,1,1,0.921348314606742,1,1,1,0.96,0,1,1,1,1,0.597222222222222,1,0.980609418282548,1,1,1,1,1,0,1,0.972477064220184,1,0.820224719101124,1,0.636363636363636,1,1,1,0.998293515358362,1,1,0.833333333333333,1,0.1,1,1,1,0,0,0.838095238095238,1,0.961904761904762,0.883040935672515,0.594594594594595,1,1,0.725761772853186,0.857142857142857,1,0.856209150326797,0.998293515358362,0.970689655172414,1,1,0.98326359832636,1,1,1,0.997455470737914,1,0.991379310344828,0,1,0.994186046511628,1,1,0.993527508090615,1,1,1,1,1,1,1,0,1,0.981481481481482,1,0.994219653179191,0.790322580645161,1,1,1,0.837037037037037,1,1,0.802158273381295,0.989247311827957,0,1,1,1,0,1,0.958333333333333,1,0,1,0,0.789115646258503,1,1,1,1,0.996904024767802,0.933962264150943,0.807792207792208,1,1,0.99685534591195,1,0.9957805907173,1,1,1,1,0.993939393939394,1,1,1,0.347639484978541,1,1,1,0.933774834437086,0.992452830188679,0.996987951807229,1,1,0.990885416666667,1,1,1,1,0.996296296296296,1,0.833333333333333,1,1,0.123287671232877,1,1,1,1,1,0.557522123893805,1,1,0,1,1,1,0.0819672131147541,1,1,1,2
"RG_02_T_per",0.801470588235294,0.830357142857143,0.992307692307692,0.390625,0.966101694915254,0.0497237569060773,0.996615905245347,0.788461538461538,0.972027972027972,0.03125,0.176470588235294,0.935064935064935,0.666666666666667,0,0.961424332344214,0.809917355371901,0.491293532338308,1,0.173913043478261,0.925925925925926,0.269662921348315,0,0.511727078891258,0.351535836177474,0.0284090909090909,1,0.930232558139535,0.901754385964912,0.990990990990991,0,0.101123595505618,1,1,0.0327868852459016,0.0372881355932203,0.510791366906475,0,0.458333333333333,0.95619335347432,0.612954186413902,1,0.938271604938272,0,0.628571428571429,0.586206896551724,0.75,1,0.737704918032787,1,1,0.623255813953488,0.962025316455696,0.764705882352941,0.6875,1,1,0.613636363636364,0.950354609929078,0.104166666666667,0.513513513513513,0.641221374045801,1,0.397212543554007,0.686507936507937,0.549382716049383,1,0.937823834196891,0.97609561752988,0.955445544554455,0,1,0.909090909090909,0.06,0.055793991416309,1,1,0.0497237569060773,0.397212543554007,0.91726618705036,0,0.934782608695652,0.873015873015873,0.923076923076923,1,0.461538461538462,0.809917355371901,0,0.404494382022472,0.909090909090909,1,0,0,0.00763358778625954,0,0,0.804123711340206,0,0.573883161512027,0.578767123287671,0.943661971830986,0.620414673046252,1,0,0,0.9,0.914529914529915,0.84,0.173333333333333,0.473007712082262,0.823529411764706,0.00675675675675676,0.00564971751412429,1,0.977777777777778,0.91044776119403,0,0.0909090909090909,0.0769230769230769,0.863387978142076,0.0476190476190476,0.77536231884058,0.882978723404255,0.91044776119403,0.261859582542694,1,0.735042735042735,1,0,0.00763358778625954,1,0.302694136291601,0.907692307692308,0.790322580645161,0.965425531914894,1,0.987730061349693,0.727668845315904,0.750511247443763,1,1,0.735537190082645,0.511727078891258,1,0.99869109947644,0.970588235294118,0,0.837628865979381,0,0,0.921739130434783,0.993197278911565,1,0.627906976744186,0.278846153846154,0.970695970695971,0.314285714285714,0.0222222222222222,0.755458515283843,0.860058309037901,0.0112359550561798,0,1,0.540540540540541,0.998293515358362,0.940397350993378,0.92156862745098,0,0.709256844850065,0.531976744186046,1,0.935587761674718,1,0.769230769230769,1,0,0.996108949416342,0.0151515151515152,0.935953420669578,0,1,0.0833333333333333,0.91044776119403,1,0.91726618705036,1,0.576923076923077,0.592592592592593,0.592592592592593,0.0965250965250965,0.101123595505618,1,0.833333333333333,0.998493975903614,0,1,0.722222222222222,0.752427184466019,1,0,0,1,1,1,1,0.515151515151515,0.655737704918033,0.575949367088608,0.747181964573269,1,0.929396662387676,0.575949367088608,0.91566265060241,1,0.781789638932496,0.101123595505618,0,1,0.933753943217666,0.419354838709677,1,0.142857142857143,0.790123456790123,0,0.686507936507937,0,0.993103448275862,0.276785714285714,0,0.0588235294117647,0.785123966942149,0.579439252336449,0.983443708609272,1,0.0384615384615385,1,0.742738589211618,0.992292870905588,1,0.96,1,0.0025974025974026,0.883895131086142,0.68976897689769,0.142857142857143,0.99739921976593,1,0.825842696629214,1,0.827856025039124,0.875,1,0.762362637362637,1,0,0.181818181818182,0.959574468085106,1,0.998402555910543,0.6328125,0.153846153846154,1,0.85,0.861842105263158,0.91726618705036,0.966666666666667,0.866666666666667,0.796923076923077,1,0.416666666666667,0.743534482758621,0.986807387862797,1,0.076271186440678,0.952380952380952,0.914893617021277,1,1,0.465116279069767,0.702127659574468,0.976190476190476,0.709256844850065,1,0.994584837545126,0.511627906976744,0.91044776119403,1,0.955,1,0.690391459074733,0.68904593639576,1,0.0738636363636364,0.166666666666667,0.401574803149606,0.464071856287425,0.513513513513513,0.981308411214953,0,0.9,1,0.25,0.411764705882353,0.943609022556391,1,0,0.0294117647058824,0,14
"RG_03_T_per",0.996168582375479,0.997130559540889,0.989247311827957,1,1,1,1,0.7,1,1,1,0.831715210355987,0.9375,0.648648648648649,1,0.795,0.0833333333333333,1,0.385964912280702,0.315068493150685,0.876,0.0045662100456621,1,0.895691609977324,0.6,1,0.586466165413534,1,1,0.316831683168317,1,1,1,1,0.0479452054794521,1,1,0.479885057471264,0.953571428571429,0.925133689839572,1,1,0.995215311004785,1,1,1,1,1,1,1,1,1,0.972332015810277,1,1,1,0.955555555555556,1,0.990049751243781,1,0.473154362416107,0.99609375,0.831632653061224,1,0,1,0.889784946236559,1,1,0.379061371841155,1,1,0.862068965517241,0.948275862068966,1,1,1,1,1,0,1,1,1,0.9,0.991735537190083,1,0.747663551401869,0.660804020100503,1,1,1,1,1,1,1,1,0.996491228070175,1,0.997322623828648,0.997762863534676,1,1,1,0.266666666666667,1,0.729257641921397,1,1,1,0.923076923076923,1,1,1,1,1,0.203883495145631,1,0.1,0.751141552511416,0.266666666666667,1,0.991228070175439,0.867924528301887,0.855227882037534,0.998682476943347,0.99390243902439,1,0.842105263157895,0.652173913043478,1,0.995024875621891,0.0131004366812227,1,1,1,0.869158878504673,1,1,0.989304812834225,0.896373056994819,1,1,1,0.81437908496732,0.842105263157895,0.993788819875776,1,1,1,1,1,1,1,0.951219512195122,0.891213389121339,0.457142857142857,0.0476190476190476,0.998043052837573,0.997995991983968,0.385964912280702,1,0.995901639344262,1,0.997167138810198,1,1,1,0.956521739130435,0.997613365155131,1,1,0.985507246376812,1,0.98921832884097,1,1,1,0.957894736842105,1,1,1,1,0.986111111111111,1,1,1,1,1,0,0,0.993650793650794,0.194444444444444,1,0,1,1,1,1,0.642857142857143,1,1,1,0.948529411764706,1,1,0.78125,1,1,1,1,0.533333333333333,0.986301369863014,0.319371727748691,1,0.995594713656388,0.85929648241206,1,0.987341772151899,0.899328859060403,0.988165680473373,1,1,1,0.966666666666667,0,1,0.516483516483517,0.517241379310345,0.754385964912281,1,0.875,0.967105263157895,1,0.123595505617978,1,1,0.960526315789474,1,0.970430107526882,0,0.994029850746269,1,0.896373056994819,0.0434782608695652,0.99741935483871,1,1,1,1,0.844036697247706,1,0.761806981519507,1,0.168539325842697,1,1,1,0.993646759847522,1,0.693877551020408,1,0,0.997101449275362,0.985074626865672,1,1,1,1,0.871212121212121,0.995901639344262,1,1,1,1,0.947368421052632,1,1,1,0.99390243902439,0.815217391304348,0.751617076326003,1,1,1,1,1,0.954088952654232,1,1,1,0.660633484162896,0.928571428571429,1,1,1,1,0.935622317596567,0.05,0.933333333333333,1,1,1,1,0.983471074380165,1,0.414545454545455,0.9375,9
"RG_04_T_per",1,1,1,1,1,1,1,0.998242530755712,0.962962962962963,1,1,1,1,0.875,1,0.966666666666667,0,1,1,1,1,1,1,1,0.875,1,1,1,1,0.0606060606060606,1,1,1,1,1,1,1,0.806451612903226,1,0.857142857142857,0.9375,1,1,0.971428571428571,1,1,1,0.971428571428571,1,0.998242530755712,1,1,1,1,0.9375,1,1,1,1,1,0.875,1,0.024390243902439,1,0,1,0.875,1,1,0.875,0.971428571428571,0.971428571428571,0.875,0.9375,1,0.966666666666667,1,1,1,1,1,1,1,1,1,1,1,1,1,0.962962962962963,0.962962962962963,1,1,0.9375,1,1,1,1,1,1,1,1,1,1,1,1,1,1,1,0.981481481481482,1,1,1,1,1,1,1,1,1,0.806451612903226,1,1,1,1,0.857142857142857,1,1,1,1,0.971428571428571,1,0.024390243902439,1,0,0.962962962962963,0.024390243902439,1,1,0,1,1,1,1,1,0.966666666666667,1,1,1,1,1,0.971428571428571,1,1,1,1,1,0,0.0606060606060606,1,0.875,0.971428571428571,1,1,1,1,1,0.962962962962963,1,0.962962962962963,0,1,0.909090909090909,1,1,0.9375,1,0.857142857142857,1,1,1,1,1,0.857142857142857,1,1,0.962962962962963,1,1,0,0,1,1,1,1,1,1,1,1,0.024390243902439,1,1,1,1,1,1,1,1,0.971428571428571,1,1,0.998242530755712,1,0.0606060606060606,1,1,0.875,0.875,0.981481481481482,0.909090909090909,1,0.0606060606060606,1,1,1,0.875,0.9375,0,1,0,0.981481481481482,1,1,1,1,1,0.962962962962963,1,1,1,1,1,0.998242530755712,1,0.024390243902439,1,1,0.971428571428571,1,1,1,1,0.909090909090909,0.981481481481482,1,1,1,1,1,1,1,1,0.9375,1,1,1,0.981481481481482,1,1,1,1,0.971428571428571,1,1,1,1,1,1,1,0.962962962962963,1,1,1,1,1,1,1,0.981481481481482,1,1,1,1,1,1,0.962962962962963,1,1,1,0.806451612903226,1,1,1,0,0.971428571428571,0.0606060606060606,0.966666666666667,1,1,8
"RG_05_T_per",0.991304347826087,1,1,1,1,1,0.397540983606557,0.986842105263158,1,1,1,1,1,0.752688172043011,1,0.973333333333333,0,0.988505747126437,0.682539682539683,1,0.969230769230769,0.675925925925926,1,0.997101449275362,0.389285714285714,1,1,0.995,0.99390243902439,0.346153846153846,1,1,1,1,0.98068669527897,1,1,0.615640599001664,0.970326409495549,1,0.973684210526316,1,0.997167138810198,1,1,1,0.993690851735016,1,1,1,1,1,1,1,1,0.986842105263158,1,1,0.978723404255319,1,0.69061876247505,1,0.0952380952380952,1,1,1,0.568783068783069,1,1,1,1,1,0.99112426035503,0.988269794721408,0.992307692307692,1,0.956521739130435,1,1,0.592944369063772,1,1,0.996996996996997,0.973684210526316,1,1,1,0.565789473684211,1,1,1,1,0.792503346720214,1,1,1,1,1,1,1,1,1,1,1,1,1,1,0.962962962962963,1,1,1,1,1,1,1,1,1,1,1,0.627062706270627,0.997159090909091,1,1,0.592944369063772,0.792503346720214,1,1,1,1,1,0.807560137457045,0.13953488372093,1,0,1,0,1,0.996309963099631,0,1,1,1,1,0.8,1,1,1,1,1,0.997950819672131,1,0.992700729927007,1,0.972222222222222,1,0.916666666666667,0,0.350132625994695,0.997395833333333,0.163865546218487,1,1,1,0.994962216624685,1,1,1,1,1,1,1,0.997076023391813,1,1,1,1,0.991014120667522,1,1,1,1,1,0.774907749077491,1,1,1,1,1,0,0,0.987577639751553,1,0.981751824817518,0,1,1,1,0.763636363636364,0,1,1,0.986754966887417,0.962962962962963,1,1,0.75609756097561,1,1,1,0.998663101604278,1,0.986301369863014,0.134615384615385,0.998663101604278,1,1,0.96,1,0.99290780141844,1,1,1,1,1,0.598684210526316,0.627062706270627,0.0952380952380952,0.9,0.317596566523605,1,0.918518518518519,1,1,0.763636363636364,1,1,1,1,0.981566820276498,1,1,0.99739921976593,1,0.0454545454545455,0.997490589711418,1,1,0.983957219251337,1,0.544642857142857,1,0.99406528189911,1,0.792746113989637,0.990990990990991,0.997555012224939,1,0.998699609882965,1,1,1,1,1,1,1,1,1,1,1,1,1,1,1,1,1,0.988571428571429,1,1,0.993197278911565,0.996649916247906,0.884180790960452,1,1,1,1,1,1,1,1,1,1,1,1,1,0.590733590733591,1,0.984848484848485,0.98068669527897,1,1,1,0.0952380952380952,0.998349834983498,0,1,1,1,6
"RG_06_T_per",1,1,1,1,1,1,1,1,1,0.988235294117647,1,1,0.989795918367347,1,1,0.995238095238095,0.00371747211895911,1,0.32,1,0.989637305699482,0.0285714285714286,1,1,0.7109375,1,1,1,0.85,0.857142857142857,1,0.983870967741935,0.983333333333333,1,0.5,1,0.988372093023256,0.709256844850065,0.937062937062937,1,0.861313868613139,1,1,1,1,1,0.0227272727272727,0.990740740740741,0.983870967741935,1,1,1,0.962962962962963,1,0.997333333333333,1,1,1,1,1,0.983050847457627,1,0.996515679442509,1,0.923076923076923,0.995884773662551,0.556603773584906,1,0.994318181818182,0.995260663507109,1,1,1,0.938848920863309,1,1,1,1,1,1,1,1,1,1,1,1,1,0.983050847457627,0.998567335243553,1,1,1,0.996587030716723,1,0.899122807017544,1,1,0.993150684931507,1,1,1,0.85,0.989637305699482,1,1,1,1,1,1,1,1,1,1,1,1,1,1,1,1,1,1,0.997134670487106,1,0.94429347826087,0.944148936170213,1,1,1,0.963636363636364,0.611344537815126,1,0.0307692307692308,1,0.0285714285714286,1,0.432835820895522,1,1,0,0.913793103448276,1,1,1,0.549707602339181,1,0.998355263157895,1,1,1,0.9975,1,0.995555555555556,0.993006993006993,0.96551724137931,1,0.900826446280992,0,0.996932515337423,1,0.477537437603993,1,0.363914373088685,1,0.975609756097561,1,1,0.98989898989899,1,1,0.0130718954248366,1,0.991452991452991,1,1,1,0.818181818181818,1,1,1,0.668965517241379,1,0.989528795811518,0.920634920634921,1,0,1,1,1,0,0,0.973913043478261,1,0.888888888888889,0.861313868613139,0.99749373433584,1,1,0.0130718954248366,0.963636363636364,1,1,0.931034482758621,1,0.995085995085995,1,0.956896551724138,0.888888888888889,1,1,1,0.96875,1,0.526315789473684,1,1,1,1,0.993377483443709,0.98989898989899,1,0.99780701754386,1,1,1,1,0,1,0.98989898989899,1,1,0.9375,1,1,0.272727272727273,0.996587030716723,1,1,0.384615384615385,1,0,0.993506493506494,0.997063142437592,1,0.0273972602739726,1,0.996515679442509,1,0.928571428571429,1,0.135135135135135,0.101694915254237,1,1,0.944148936170213,1,1,1,0.997477931904161,1,1,0.997067448680352,1,0.994974874371859,0.992822966507177,1,1,1,0.9975,0.923076923076923,1,1,1,1,1,1,1,0.990566037735849,1,1,1,0.979057591623037,0.846715328467153,1,1,1,0.967741935483871,1,0.99236641221374,1,1,0.677570093457944,1,1,1,1,1,0.909090909090909,1,1,1,1,1,1,0.988636363636364,1,1,1,4
"RG_07_T_per",0.571428571428571,1,0.99009900990099,0.994535519125683,0.630681818181818,1,1,0.977272727272727,1,1,1,1,1,0.151515151515152,1,0.968421052631579,0.00255427841634738,1,0.734006734006734,0.993006993006993,0.90625,0.0108695652173913,1,0.851190476190476,0.501845018450184,1,1,0.992125984251969,1,0,0,1,1,1,0.363636363636364,0.52,1,0.388451443569554,0.926136363636364,0.00420168067226891,0.99746835443038,0.997679814385151,0.996309963099631,1,1,1,0.605150214592275,0.996904024767802,1,0.83312101910828,1,1,1,1,1,1,0.930232558139535,1,1,1,0.0909090909090909,0.988888888888889,0.960369881109643,1,0.0121951219512195,1,0.945945945945946,1,1,0.179856115107914,1,0.997679814385151,0.971014492753623,0.65748031496063,1,1,0.963709677419355,0.96484375,0.964980544747082,0.960629921259842,1,1,1,1,1,0.875,0.996666666666667,1,0.986842105263158,0.988888888888889,1,1,1,0,0.12,1,0.945945945945946,1,0.983606557377049,1,1,1,1,0,1,0.703488372093023,1,1,0.996478873239437,1,1,1,1,1,1,0,0.555555555555556,1,1,1,1,1,0.97008547008547,0.791831357048748,0.765319426336376,0.585526315789474,1,1,0,1,1,0.024390243902439,1,1,1,0,0.996666666666667,0.414225941422594,0,1,1,1,1,0.994413407821229,0.994318181818182,1,0.95859872611465,1,1,0.988372093023256,1,1,1,0.9,0.793478260869565,1,0.024390243902439,0.419277108433735,1,0.839285714285714,1,1,1,1,1,1,1,1,1,1,1,1,0.765319426336376,1,0.475409836065574,0.996197718631179,0.429738562091503,1,0.166666666666667,1,1,1,1,1,0.261904761904762,1,0.994475138121547,1,0.0230769230769231,0.024390243902439,0.993377483443709,1,1,0.909090909090909,1,1,1,0.994047619047619,0,0,1,0.955056179775281,0.972375690607735,1,1,0.785714285714286,0.67005076142132,1,0.988888888888889,0.998738965952081,0.967741935483871,1,1,1,0,1,1,0.948717948717949,0.891625615763547,1,0.0230769230769231,1,1,1,1,1,0.448979591836735,0.996415770609319,0.0230769230769231,1,1,1,1,0,1,0.997222222222222,0.99702380952381,1,1,1,1,0.852272727272727,1,0.0121951219512195,0.831632653061224,1,1,0.785714285714286,0.929411764705882,0.946666666666667,1,0.997907949790795,0.985294117647059,0.619469026548673,1,1,1,1,1,0,1,0.971428571428571,0.991869918699187,0.718918918918919,0.984126984126984,1,1,1,0.95,1,1,0.93030303030303,0.99009900990099,1,1,1,0.995670995670996,1,1,0.993006993006993,0.872703412073491,1,1,1,0.746153846153846,1,1,1,1,0.995983935742972,0.983606557377049,1,0.946666666666667,1,0.997685185185185,1,1,1,1,1,1,1,1,0.419277108433735,0.738589211618257,1,0.852272727272727,9
"RG_08_T_per",0.777777777777778,0.990196078431373,1,1,0.032258064516129,0,1,1,0.909677419354839,0.622641509433962,1,1,0.166666666666667,0.347826086956522,1,0.838709677419355,0.0478036175710594,1,0,0.04,0,0.037037037037037,1,1,0.0555555555555556,1,1,1,0.991525423728814,0.00578034682080925,0,1,1,1,0.266666666666667,0.1,0.632,0.426900584795322,1,0,0.993150684931507,0.852564102564103,1,1,1,1,1,1,1,0.555035128805621,1,1,0.991379310344828,0.00884955752212389,1,1,1,1,0.352272727272727,1,0.347826086956522,1,0.978632478632479,0.0743243243243243,0,1,0.774193548387097,1,1,0,1,0.993150684931507,1,0.475675675675676,1,1,0.2,0.181818181818182,1,0.111111111111111,1,1,0.994871794871795,1,1,0.727272727272727,1,0.978632478632479,1,1,1,1,1,0,0,1,1,1,0.463414634146341,1,1,1,0.989583333333333,0.994791666666667,1,1,1,1,0.440514469453376,1,0.632,0.997652582159624,1,1,1,0,0,1,0.9375,1,0.72318339100346,0.746323529411765,1,0.738896366083445,1,1,1,1,0,1,1,0.789473684210526,1,1,1,0.9375,0.536723163841808,0,1,1,1,0.993055555555556,1,1,0,1,1,0.843601895734597,1,0.990196078431373,1,1,1,0.752895752895753,0.995475113122172,0.8,0.0517241379310345,0.475675675675676,1,0.170212765957447,1,1,1,1,1,0.896551724137931,0.99236641221374,0,1,1,1,1,1,1,0,1,0,1,1,1,1,1,1,0.967741935483871,0.517543859649123,1,1,1,0,0,1,0.517543859649123,0.997395833333333,0,1,1,1,1,0.13953488372093,0,1,1,1,1,1,0.690909090909091,0.632,0.980861244019139,0.942238267148014,0.89321608040201,1,1,0,1,0,0,1,0.980861244019139,0.994186046511628,0.991525423728814,0.789473684210526,1,1,0,0.985714285714286,1,0.789473684210526,1,0,0.983833718244804,0,1,1,0.0384615384615385,1,1,0.973333333333333,1,0.962962962962963,1,0.5,0.347540983606557,1,0.0303030303030303,0.0483091787439614,1,1,1,0.998581560283688,0.986666666666667,1,0.996336996336996,0.952941176470588,0.347826086956522,0.690140845070423,1,1,1,0,0,1,0,0.994871794871795,0.998098859315589,0.952380952380952,0.947368421052632,0.994845360824742,1,0.45748987854251,1,1,1,1,1,0.99581589958159,1,1,1,1,1,0.697211155378486,1,1,0,1,1,0.996212121212121,1,1,1,0.866666666666667,1,1,0.995391705069124,0.525291828793774,1,0.990415335463259,1,0.888888888888889,1,0,0,1,1,0,0,0.823529411764706,11
"RG_09_T_per",0.973684210526316,1,0,1,1,1,0,0.996212121212121,1,1,0.995215311004785,1,0.942953020134228,1,1,0.994818652849741,0.00497512437810945,0.956521739130435,0.666666666666667,0.985915492957746,1,0.291666666666667,1,1,0.613138686131387,0.663265306122449,1,1,1,0.992647058823529,0.992857142857143,0.888888888888889,0.80327868852459,1,0.979253112033195,1,1,0.591160220994475,0.873563218390805,1,0.9,1,0.997679814385151,1,1,1,0.0458015267175573,0.991596638655462,1,1,1,1,1,1,0.785714285714286,0.948275862068966,1,1,0.991228070175439,1,0.981549815498155,1,0.996610169491525,1,1,0.858880778588808,0.84051724137931,1,1,0.99236641221374,0.96969696969697,1,0.988505747126437,0.963414634146341,0.9375,0.851851851851852,1,1,1,1,1,1,1,0.888888888888889,1,1,1,1,0.989130434782609,0.99737532808399,1,1,1,1,1,1,1,1,1,1,1,0.311475409836066,1,1,1,1,1,1,1,1,1,1,0.0465116279069767,1,1,0.0571428571428571,1,1,1,1,1,1,1,0.8,0.954476479514416,1,1,1,1,0.646846846846847,0.996587030716723,0,1,0.0113636363636364,1,0,1,1,0,1,1,1,0.411764705882353,0.867360208062419,1,1,1,1,1,0.991266375545852,1,0.994350282485876,1,0.983333333333333,1,1,0,0.997929606625259,0.998727735368957,0.794520547945205,0.997260273972603,0.997630331753555,1,1,1,1,1,1,0.998531571218796,1,1,0.886792452830189,1,1,0.967032967032967,0.951612903225806,0.87298747763864,0.997435897435897,1,1,1,1,0.738351254480287,1,0.767123287671233,1,1,1,0,0,0.985981308411215,0.990243902439024,0.888888888888889,0.5,0.863247863247863,1,1,0.978540772532189,0.954128440366973,0.558620689655172,0.0256410256410256,0.772030651340996,0.76937984496124,0.163865546218487,1,0.9375,1,1,1,0.998727735368957,1,1,0.00826446280991736,1,1,1,0.867360208062419,0.9375,1,1,1,1,1,1,1,0.413636363636364,0.943434343434343,0.997929606625259,0.51875,0.994949494949495,0.934210526315789,1,1,1,0.997590361445783,1,1,0.58695652173913,0.975903614457831,0,1,1,1,0.0396825396825397,1,0.849056603773585,1,0,1,0,0.99537037037037,1,1,1,0.995073891625616,1,1,0.58576874205845,1,0.853333333333333,0.994047619047619,1,1,1,1,1,1,0.990671641791045,0.9375,0.99792531120332,1,0.591160220994475,0.997938144329897,1,0.997429305912596,1,0.942675159235669,1,1,1,0.909685863874346,0.806451612903226,1,1,1,0.99135446685879,1,1,1,1,0.413636363636364,1,1,1,1,1,0.703703703703704,1,1,0.111111111111111,1,1,1,0.0576923076923077,0.97752808988764,1,1,3
"RG_10_T_per",0.982456140350877,1,0,1,1,0.837209302325581,0.156549520766773,1,1,1,1,1,1,0.553846153846154,1,0.994594594594595,0.00503778337531486,0.289855072463768,0.585657370517928,0.932432432432432,1,0.777327935222672,1,1,0.335294117647059,1,1,1,0.888888888888889,0.8,1,1,0.898395721925134,1,0.315789473684211,1,1,0.623865110246433,0.92814371257485,1,0.696969696969697,1,1,1,1,1,0.831541218637993,1,0.978260869565217,1,1,1,1,1,1,1,1,1,0.914285714285714,1,0.973262032085562,1,0.995475113122172,1,0.990196078431373,0.991935483870968,0.571428571428571,1,1,0.506561679790026,0.985915492957746,1,0.8125,0.8,1,0.0645161290322581,1,1,1,1,1,1,1,0.991525423728814,1,1,1,0.996610169491525,1,0.994915254237288,1,1,1,1,1,1,1,1,1,1,1,0.997442455242967,1,0.998616874135546,1,1,1,1,1,1,1,1,1,1,1,0.25,1,1,1,0.995575221238938,1,1,1,0.998616874135546,0.99203187250996,1,1,1,1,1,1,0,1,0,0.973568281938326,0.119402985074627,1,1,0.0103092783505155,0.97979797979798,1,1,0.972447325769854,0.872847682119205,1,1,0.997361477572559,1,1,0.988188976377953,1,0.988188976377953,0.990654205607477,1,1,1,0.00763358778625954,1,1,1,1,0.978260869565217,1,1,1,1,1,1,0.81151832460733,0.992700729927007,0.997929606625259,0.705329153605016,1,0.931174089068826,1,0.984423676012461,0.805774278215223,1,1,0.396551724137931,1,1,0.766037735849057,1,0,1,0.994673768308921,0.997326203208556,0,0,0.983606557377049,0.996575342465753,0.990909090909091,0.976470588235294,1,1,1,0.91864406779661,1,1,0.857142857142857,0.934782608695652,0.648351648351648,0.338345864661654,1,0.955752212389381,0.997518610421836,1,1,0.99873417721519,1,1,0.025,1,1,1,0.838006230529595,1,1,1,0.99390243902439,1,1,0.995305164319249,1,1,0.984536082474227,0.81151832460733,1,1,0.980392156862745,1,0.94140625,1,0.98,1,0.99812734082397,0.333333333333333,0.983471074380165,0.025,1,0.998360655737705,1,0,1,0.833333333333333,1,0.25,1,0.555555555555556,0.990135635018496,1,1,0.992874109263658,1,1,0.972602739726027,0.990135635018496,1,1,1,1,0.996610169491525,1,0.992424242424242,0.998109640831758,1,1,0.9,1,1,0.745833333333333,1,1,1,0.98,1,1,1,1,0.998704663212435,0.795918367346939,1,1,1,0.841216216216216,1,1,1,1,0.907284768211921,1,1,1,1,1,0.947368421052632,1,1,0.47239263803681,1,1,1,0.18,1,1,1,3
